[
  {
    "cartItems": [
      {
        "image": "",
        "title": "Bunch and bunch of chairs",
        "price": 10,
        "quantity": 312
      },
      {
        "image": "",
        "title": "6' Round Tables",
        "price": 15,
        "quantity": 45
      },
      {
        "image": "",
        "title": "Bar Stools",
        "price": 300,
        "quantity": 2
      }
    ],
    "customerInformation": {
      "first": "Samuel",
      "last": "Seagull",
      "email": "seagulls4life@gmail.com",
      "address": "214 West Pole",
      "phone": "288321235",
      "date": "2023-05-21",

      "delivery": true,
      "notes": "Deliver on time. No time to waste",
      "referal": 4
    },
    "totalCost": 4395,
    "status": "Pending"
  },
  {
    "cartItems": [
      {
        "image": "https://wp.catalog.d.cpartyrentals.com/itemimages/13664t.jpg",
        "title": "Test Round Folding Table",
        "price": 50,
        "quantity": 5
      },
      {
        "image": "https://wp.catalog.d.cpartyrentals.com/itemimages/13664t.jpg",
        "title": "Test Folding Chairs",
        "price": 10,
        "quantity": 50
      }
    ],
    "customerInformation": {
      "first": "Alma",
      "last": "Powell",
      "email": "alma@gmail.com",
      "address": "123 Main Street Urbandale IA 50322",
      "phone": "4063816248",
      "date": "2023-08-19",
      "delivery": true,
      "notes": "This is going to be a great day",
      "referal": 1
    },
    "status": "Pending",
    "totalCost": 750
  },
  {
    "cartItems": [
      {
        "image": "https://wp.catalog.d.cpartyrentals.com/itemimages/13664t.jpg",
        "title": "Bunch and bunch of chairs",
        "price": 10,
        "quantity": 40
      }
    ],
    "customerInformation": {
      "first": "Peter",
      "last": "Penguin",
      "email": "penguins4life@gmail.com",
      "address": "801 North Pole",
      "phone": "288321235",
      "date": "2012-01-13",

      "delivery": true,
      "notes": "Girls just wanna have fun",
      "referal": 3
    },
    "totalCost": 400,
    "status": "Pending"
  },
  {
    "cartItems": [
      {
        "image": "https://wp.catalog.d.cpartyrentals.com/itemimages/13664t.jpg",
        "title": "Bunch and bunch of chairs",
        "price": 10,
        "quantity": 312
      },
      {
        "image": "https://wp.catalog.d.cpartyrentals.com/itemimages/13664t.jpg",
        "title": "6' Round Tables",
        "price": 15,
        "quantity": 45
      },
      {
        "image": "https://wp.catalog.d.cpartyrentals.com/itemimages/13664t.jpg",
        "title": "Bar Stools",
        "price": 300,
        "quantity": 2
      }
    ],
    "customerInformation": {
      "first": "Samuel",
      "last": "Seagull",
      "email": "seagulls4life@gmail.com",
      "address": "214 West Pole",
      "phone": "288321235",
      "date": "2023-05-21",

      "delivery": true,
      "notes": "Deliver on time. No time to waste",
      "referal": 4
    },
    "totalCost": 4395,
    "status": "Pending"
  }
]
